[
  {
    "id": 1,
    "title": "礁溪溫泉民宿",
    "location": "宜蘭礁溪",
    "type": "溫泉民宿",
    "rooms": 8,
    "area": "85坪",
    "duration": "4小時",
    "beforeImage": "https://images.unsplash.com/photo-1560448204-e02f11c3d0e2?w=600&h=400&fit=crop",
    "afterImage": "https://images.unsplash.com/photo-1560448204-6033e33cec58?w=600&h=400&fit=crop",
    "services": ["房間清潔", "衛浴消毒", "備品補充", "床單更換"],
    "testimonial": "狗米整理的服務非常專業，每次清潔後房間都像新的一樣，客人回饋都很滿意！",
    "client": "林老闆",
    "rating": 5,
    "date": "2024-01-15"
  },
  {
    "id": 2,
    "title": "羅東市區民宿",
    "location": "宜蘭羅東",
    "type": "市區民宿",
    "rooms": 5,
    "area": "60坪",
    "duration": "3小時",
    "beforeImage": "https://images.unsplash.com/photo-1560448204-e02f11c3d0e2?w=600&h=400&fit=crop",
    "afterImage": "https://images.unsplash.com/photo-1560448204-6033e33cec58?w=600&h=400&fit=crop",
    "services": ["房間清潔", "公共區域整理", "備品檢查"],
    "testimonial": "翻房頻率很高，但狗米整理總能在時間內完成，品質也很穩定。",
    "client": "王小姐",
    "rating": 5,
    "date": "2024-01-20"
  },
  {
    "id": 3,
    "title": "冬山河畔民宿",
    "location": "宜蘭冬山",
    "type": "河景民宿",
    "rooms": 12,
    "area": "120坪",
    "duration": "6小時",
    "beforeImage": "https://images.unsplash.com/photo-1560448204-e02f11c3d0e2?w=600&h=400&fit=crop",
    "afterImage": "https://images.unsplash.com/photo-1560448204-6033e33cec58?w=600&h=400&fit=crop",
    "services": ["房間清潔", "衛浴消毒", "備品補充", "床單更換", "公共區域"],
    "testimonial": "大坪數的民宿清潔很費時，但狗米整理的團隊很有效率，照片驗收制度讓我們很放心。",
    "client": "陳先生",
    "rating": 5,
    "date": "2024-01-25"
  },
  {
    "id": 4,
    "title": "頭城海景民宿",
    "location": "宜蘭頭城",
    "type": "海景民宿",
    "rooms": 6,
    "area": "75坪",
    "duration": "4小時",
    "beforeImage": "https://images.unsplash.com/photo-1560448204-e02f11c3d0e2?w=600&h=400&fit=crop",
    "afterImage": "https://images.unsplash.com/photo-1560448204-6033e33cec58?w=600&h=400&fit=crop",
    "services": ["房間清潔", "衛浴消毒", "備品補充"],
    "testimonial": "海邊的民宿容易有鹽分問題，狗米整理會特別注意這點，清潔得很仔細。",
    "client": "張老闆",
    "rating": 5,
    "date": "2024-01-30"
  },
  {
    "id": 5,
    "title": "三星鄉村民宿",
    "location": "宜蘭三星",
    "type": "鄉村民宿",
    "rooms": 4,
    "area": "50坪",
    "duration": "3小時",
    "beforeImage": "https://images.unsplash.com/photo-1560448204-e02f11c3d0e2?w=600&h=400&fit=crop",
    "afterImage": "https://images.unsplash.com/photo-1560448204-6033e33cec58?w=600&h=400&fit=crop",
    "services": ["房間清潔", "備品補充", "床單更換"],
    "testimonial": "小民宿也能享受專業服務，每月督導抽查讓我們很安心。",
    "client": "李小姐",
    "rating": 5,
    "date": "2024-02-05"
  }
]
