[
  {
    "id": 1,
    "question": "室內房間的清潔範圍包括哪些？",
    "answer": "室內房間清潔範圍包括房間本體及衛浴設施，具體包含：地面清潔、桌面擦拭、鏡面清潔、馬桶消毒、乾濕分離區域整理等。我們會根據現場勘查結果制定詳細的清潔清單。"
  },
  {
    "id": 2,
    "question": "公共區域的清潔範圍如何定義？",
    "answer": "公共區域清潔範圍為大門口至房間必經動線、走廊等通道。我們會確保客人從進門到房間的過程中，所有經過的公共空間都保持整潔。"
  },
  {
    "id": 3,
    "question": "為什麼不處理垃圾載運？",
    "answer": "根據法規規定，垃圾載運需要特殊許可證。我們專注於清潔服務，不涉及垃圾載運業務，以確保服務的合法合規性。如有垃圾處理需求，建議您聯繫專業的垃圾清運公司。"
  },
  {
    "id": 4,
    "question": "為什麼必須進行現場勘查？",
    "answer": "現場勘查能讓我們了解民宿的實際狀況，包括備品補充方式、清潔重點區域、出入動線等，以便提供準確的報價和制定適合的清潔計畫。"
  },
  {
    "id": 5,
    "question": "包月服務超過20天如何計費？",
    "answer": "包月服務以單月20天為上限，超過部分依單次包棟價格計算。例如：若當月需要25天服務，則前20天按包月價格，後5天按單次包棟價格計算。"
  },
  {
    "id": 6,
    "question": "清潔時間大約需要多久？",
    "answer": "清潔時間依民宿大小和房間數量而定，一般單間約需30-45分鐘，整棟民宿約需3-6小時。我們會在勘查時提供詳細的時間評估。"
  },
  {
    "id": 7,
    "question": "備品補充服務包含哪些項目？",
    "answer": "備品補充包含：毛巾、浴巾、洗髮精、沐浴乳、牙刷、牙膏、衛生紙等基本備品。我們會根據您的需求提供客製化的備品清單。"
  },
  {
    "id": 8,
    "question": "照片驗收制度如何運作？",
    "answer": "每次清潔完成後，我們會提供清潔前後的對比照片，讓您清楚了解清潔成果。照片會透過LINE或Email發送，確保服務品質透明化。"
  },
  {
    "id": 9,
    "question": "每月督導抽查的內容是什麼？",
    "answer": "每月督導抽查由資深主管進行，檢查清潔品質、服務流程、人員表現等。抽查結果會與您分享，確保服務品質持續改善。"
  },
  {
    "id": 10,
    "question": "如何預約服務？",
    "answer": "您可以透過LINE官方帳號或Google表單預約服務。我們會在24小時內回覆，安排現場勘查時間。建議提前3-7天預約，以確保服務時間安排。"
  },
  {
    "id": 11,
    "question": "服務區域包含哪些地方？",
    "answer": "我們主要服務宜蘭地區，包含：宜蘭市、羅東鎮、礁溪鄉、頭城鎮、冬山鄉、三星鄉、員山鄉、五結鄉、壯圍鄉、大同鄉、南澳鄉、蘇澳鎮等。"
  },
  {
    "id": 12,
    "question": "清潔用品是否環保安全？",
    "answer": "我們使用環保清潔用品，對人體和環境友善。所有清潔劑都經過安全認證，不會對民宿設施造成損害，也不會影響客人健康。"
  }
]
