[
  {
    "id": 1,
    "name": "林老闆",
    "location": "礁溪",
    "rating": 5,
    "date": "2024-02-01",
    "content": "狗米整理的服務非常專業，每次清潔後房間都像新的一樣，客人回饋都很滿意！照片驗收制度讓我們很放心。",
    "keywords": ["專業", "滿意", "照片驗收"],
    "service": "包月服務"
  },
  {
    "id": 2,
    "name": "王小姐",
    "location": "羅東",
    "rating": 5,
    "date": "2024-01-28",
    "content": "翻房頻率很高，但狗米整理總能在時間內完成，品質也很穩定。團隊很有效率，溝通也很順暢。",
    "keywords": ["效率", "穩定", "溝通"],
    "service": "單次服務"
  },
  {
    "id": 3,
    "name": "陳先生",
    "location": "冬山",
    "rating": 5,
    "date": "2024-01-25",
    "content": "大坪數的民宿清潔很費時，但狗米整理的團隊很有效率，照片驗收制度讓我們很放心。每月督導抽查也很用心。",
    "keywords": ["大坪數", "效率", "督導"],
    "service": "包棟服務"
  },
  {
    "id": 4,
    "name": "張老闆",
    "location": "頭城",
    "rating": 5,
    "date": "2024-01-22",
    "content": "海邊的民宿容易有鹽分問題，狗米整理會特別注意這點，清潔得很仔細。備品補充也很齊全。",
    "keywords": ["仔細", "備品", "海邊"],
    "service": "包月服務"
  },
  {
    "id": 5,
    "name": "李小姐",
    "location": "三星",
    "rating": 5,
    "date": "2024-01-20",
    "content": "小民宿也能享受專業服務，每月督導抽查讓我們很安心。價格也很合理，CP值很高。",
    "keywords": ["專業", "安心", "CP值"],
    "service": "單次服務"
  },
  {
    "id": 6,
    "name": "黃先生",
    "location": "宜蘭市",
    "rating": 5,
    "date": "2024-01-18",
    "content": "狗米整理的SOP很標準化，每次清潔的品質都很一致。床單更換服務也很方便。",
    "keywords": ["標準化", "一致", "床單"],
    "service": "包月服務"
  },
  {
    "id": 7,
    "name": "劉小姐",
    "location": "員山",
    "rating": 5,
    "date": "2024-01-15",
    "content": "衛浴消毒做得很徹底，客人住得很安心。清潔人員的態度也很好，很推薦！",
    "keywords": ["消毒", "安心", "態度"],
    "service": "單次服務"
  },
  {
    "id": 8,
    "name": "吳老闆",
    "location": "五結",
    "rating": 5,
    "date": "2024-01-12",
    "content": "公共區域整理得很乾淨，走廊和樓梯都一塵不染。客人進門的第一印象很重要，狗米整理做得很好。",
    "keywords": ["公共區域", "乾淨", "第一印象"],
    "service": "包棟服務"
  },
  {
    "id": 9,
    "name": "鄭小姐",
    "location": "壯圍",
    "rating": 5,
    "date": "2024-01-10",
    "content": "備品檢查很仔細，不會有缺漏的情況。清潔時間也很準時，不會影響到客人入住。",
    "keywords": ["備品", "準時", "仔細"],
    "service": "包月服務"
  },
  {
    "id": 10,
    "name": "謝先生",
    "location": "大同",
    "rating": 5,
    "date": "2024-01-08",
    "content": "山區民宿的清潔比較特殊，但狗米整理會根據環境調整清潔方式，很貼心。",
    "keywords": ["山區", "貼心", "調整"],
    "service": "單次服務"
  },
  {
    "id": 11,
    "name": "楊小姐",
    "location": "南澳",
    "rating": 5,
    "date": "2024-01-05",
    "content": "偏遠地區的服務也很準時，不會因為距離而影響品質。清潔用品也很環保。",
    "keywords": ["準時", "環保", "偏遠"],
    "service": "包月服務"
  },
  {
    "id": 12,
    "name": "趙老闆",
    "location": "蘇澳",
    "rating": 5,
    "date": "2024-01-02",
    "content": "溫泉民宿的清潔要求比較高，狗米整理都能達到標準。每月督導抽查讓我們很放心。",
    "keywords": ["溫泉", "標準", "督導"],
    "service": "包棟服務"
  }
]
